index,Unnamed: 0,American football,Baseball,Basketball,Bowling,Boxing,Cycling and Road Bicycle Racing,Fencing,Figure Skating,Golf,Horse Racing,Ice hockey,Indianapolis 500,Kayaking,Mixed martial arts,NASCAR,Other individual sports,Other motor sports,Other team sports,Skiing,Snowboarding,Soccer,Surfing,Swimming,Tennis,Track & Field,Wrestling,Grand Total
0,1954,2,2,1.0,,,,,,1.0,3.0,,,,,,6.0,1.0,3.0,,,,,1.0,,,,20
1,1955,7,9,,1.0,1.0,,1.0,1.0,2.0,4.0,,,,,,14.0,,2.0,4.0,,,,2.0,1.0,3.0,,52
2,1956,8,13,1.0,,1.0,,,1.0,3.0,5.0,1.0,1.0,1.0,,,8.0,1.0,,2.0,,,,2.0,1.0,4.0,,53
3,1957,4,9,3.0,,4.0,,,,2.0,5.0,2.0,1.0,,,,11.0,2.0,2.0,3.0,,,,,2.0,1.0,1.0,52
4,1958,4,12,2.0,,3.0,,,1.0,4.0,3.0,1.0,1.0,,,,7.0,,5.0,1.0,,,1.0,2.0,3.0,2.0,,52
5,1959,4,5,1.0,,2.0,,,,7.0,5.0,1.0,1.0,,,,9.0,3.0,4.0,3.0,,,,1.0,2.0,4.0,,52
6,1960,6,6,2.0,1.0,2.0,,,,8.0,2.0,3.0,,,,,12.0,1.0,2.0,2.0,,,,1.0,,4.0,,52
7,1961,7,7,4.0,,2.0,,,1.0,8.0,3.0,,1.0,,,,7.0,1.0,3.0,1.0,,,,2.0,2.0,3.0,,52
8,1962,8,9,3.0,,3.0,,,,8.0,2.0,1.0,,,,,6.0,1.0,4.0,3.0,,,1.0,3.0,1.0,,,53
9,1963,12,8,3.0,,3.0,,,,6.0,3.0,2.0,,,,,6.0,1.0,1.0,3.0,,,,1.0,2.0,1.0,,52
10,1964,12,7,3.0,,5.0,,,,7.0,2.0,2.0,1.0,,,,1.0,,2.0,3.0,,,,1.0,1.0,5.0,,52
11,1965,13,9,5.0,,7.0,,,,6.0,1.0,1.0,1.0,,,,,,3.0,2.0,,,,1.0,1.0,2.0,,52
12,1966,16,8,7.0,,1.0,,,1.0,5.0,1.0,2.0,1.0,,,,,,1.0,2.0,,,1.0,1.0,1.0,4.0,,52
13,1967,14,11,6.0,,4.0,,,,5.0,,3.0,1.0,,,,,1.0,1.0,2.0,,,1.0,1.0,,2.0,,52
14,1968,12,11,8.0,,,,,1.0,4.0,2.0,2.0,1.0,,,1.0,3.0,,,2.0,,,,2.0,1.0,3.0,,53
15,1969,16,11,11.0,,1.0,,,,4.0,,2.0,,,,,4.0,,,1.0,,,1.0,,,1.0,,52
16,1970,16,10,11.0,,,,,,3.0,,4.0,1.0,,,,1.0,,2.0,,,,,,,4.0,,52
17,1971,15,10,9.0,,3.0,,,,3.0,1.0,2.0,,,,,1.0,2.0,2.0,1.0,,,,,1.0,2.0,,52
18,1972,15,10,11.0,,,,,,2.0,1.0,3.0,1.0,,,1.0,3.0,,,,,1.0,,2.0,1.0,1.0,,52
19,1973,14,9,10.0,,2.0,,,,2.0,1.0,3.0,,,,,3.0,2.0,1.0,,,1.0,,1.0,2.0,2.0,,53
20,1974,14,10,9.0,,4.0,,,,5.0,1.0,3.0,1.0,,,,1.0,,,,,,1.0,,3.0,,,52
21,1975,11,11,7.0,,4.0,,,,4.0,1.0,2.0,1.0,,,,2.0,,1.0,,,1.0,,2.0,3.0,2.0,,52
22,1976,12,10,10.0,,2.0,,,1.0,1.0,1.0,2.0,,,,,3.0,,1.0,1.0,,,,,4.0,4.0,,52
23,1977,11,11,9.0,,3.0,,,,2.0,5.0,3.0,,,,1.0,3.0,,2.0,,,,,,1.0,1.0,,52
24,1978,11,6,9.0,,4.0,,,,7.0,3.0,1.0,1.0,,,,4.0,,1.0,,,1.0,,,2.0,2.0,,52
25,1979,13,9,11.0,,4.0,,,,3.0,1.0,1.0,,,,,1.0,,3.0,,,1.0,,,2.0,4.0,,53
26,1980,9,9,8.0,,6.0,,,1.0,2.0,1.0,5.0,1.0,,,,3.0,,2.0,,,,,,2.0,3.0,,52
27,1981,14,13,9.0,,7.0,,,,2.0,,2.0,1.0,,,,,,,,,,,1.0,3.0,,,52
28,1982,17,9,10.0,,6.0,,,,1.0,,2.0,,,,,1.0,,1.0,,,,1.0,,3.0,1.0,,52
29,1983,17,9,10.0,,6.0,,,,1.0,1.0,1.0,,,,,1.0,,1.0,,,,,,2.0,3.0,,52
30,1984,15,9,10.0,,,,,1.0,,,2.0,,,,,5.0,,,2.0,,,,2.0,3.0,4.0,,53
31,1985,16,13,9.0,,4.0,,,,2.0,,1.0,1.0,,,1.0,1.0,,1.0,,,,,,1.0,1.0,1.0,52
32,1986,15,10,12.0,,4.0,,,,2.0,,1.0,,,,,4.0,,2.0,,,1.0,,,1.0,,,52
33,1987,15,15,12.0,,2.0,,,,2.0,,1.0,,,,,2.0,,,,,,1.0,1.0,,1.0,,52
34,1988,13,12,11.0,,5.0,,,1.0,,,1.0,,,1.0,,2.0,,1.0,,,,,,1.0,4.0,,52
35,1989,17,10,11.0,,2.0,2.0,,,3.0,1.0,2.0,,,,,,,1.0,,,,,,3.0,,,52
36,1990,17,12,11.0,,3.0,1.0,,,1.0,,1.0,,,,,1.0,,2.0,,,,,,4.0,,,53
37,1991,15,10,12.0,,3.0,,,,2.0,,1.0,,,,,2.0,,1.0,,,,,,3.0,3.0,,52
38,1992,11,11,11.0,,3.0,,,1.0,2.0,,1.0,,,,,5.0,,,1.0,,,,1.0,3.0,2.0,,52
39,1993,18,10,13.0,,2.0,,,,1.0,,2.0,,,,,2.0,,1.0,,,,,,3.0,,,52
40,1994,18,10,9.0,,2.0,,,2.0,,,2.0,,,,,1.0,,2.0,1.0,,2.0,,1.0,2.0,,,52
41,1995,17,13,14.0,,1.0,,,,2.0,,,,,,,2.0,1.0,,,,,,,2.0,,,52
42,1996,15,10,14.0,,3.0,,,,3.0,,2.0,,,,,2.0,,,,,,,2.0,,2.0,,53
43,1997,17,7,17.0,,4.0,,,,2.0,,1.0,,,,,1.0,,1.0,,,,,,2.0,,,52
44,1998,13,17,14.0,,2.0,,,1.0,2.0,,,,,,,2.0,,,1.0,,,,,,,,52
45,1999,16,7,17.0,,1.0,,,,3.0,,1.0,,,,,,,3.0,,,2.0,,,2.0,,,52
46,2000,16,10,14.0,,,1.0,,,4.0,,1.0,,,,,2.0,,1.0,,,,,1.0,1.0,1.0,,52
47,2001,17,13,12.0,,,1.0,,,2.0,,2.0,,,,1.0,2.0,,3.0,,,,,,,,,53
48,2002,18,8,11.0,,1.0,2.0,,1.0,1.0,,2.0,,,,1.0,4.0,,,,,3.0,,,,,,52
49,2003,17,10,17.0,,,1.0,,,1.0,,,,,,,3.0,,1.0,,,1.0,,,1.0,,,52
50,2004,15,13,15.0,,,2.0,,,1.0,1.0,,,,,,,,3.0,,,,,1.0,1.0,,,52
51,2005,24,8,11.0,,,2.0,,,3.0,,,1.0,,,1.0,,,2.0,,,,,,,,,52
52,2006,21,11,9.0,,,1.0,,,4.0,,,,,,,,,2.0,1.0,2.0,1.0,,,,,,52
53,2007,24,12,9.0,,1.0,,,,2.0,,1.0,,,1.0,,1.0,,1.0,,,1.0,,,,,,53
54,2008,18,10,12.0,,,,,,1.0,,,1.0,,,2.0,1.0,,2.0,,,,,4.0,1.0,,,52
55,2009,19,15,11.0,,,,,,1.0,1.0,,,,,,1.0,,2.0,,,,,,1.0,1.0,,52
56,2010,21,10,10.0,,1.0,,,,1.0,,1.0,,,,,2.0,,1.0,2.0,,2.0,,,1.0,,,52
57,2011,20,12,13.0,,,,,,1.0,,1.0,,,,1.0,1.0,,2.0,,,1.0,,,,,,52
58,2012,22,6,16.0,,,,,,1.0,,,,,,,2.0,,4.0,,,,,2.0,,,,53
59,2013,18,10,8.0,,,,,,1.0,,3.0,,,,,1.0,,10.0,,,,,,,1.0,,52
60,Grand Total,852,597,558.0,2.0,134.0,13.0,1.0,15.0,169.0,61.0,87.0,20.0,1.0,2.0,10.0,173.0,17.0,99.0,44.0,2.0,19.0,8.0,42.0,83.0,88.0,2.0,3099
